{
	"feeds":[
		{
			"feed-name":"[Camera Feed Name]",
			"display-name":"[Display Name]",
			"rtsp-uri":"[RTSP Stream ID (rtsp://ip/uid)]",
			"width":"960",
			"height":"540",
			"x-position":"0",
			"y-position":"0"
		},
		{
			"feed-name":"[Camera Feed Name]",
			"display-name":"[Display Name]",
			"rtsp-uri":"[RTSP Stream ID (rtsp://ip/uid)]",
			"width":"480",
			"height":"270",
			"x-position":"960",
			"y-position":"0"
		},
		{
			"feed-name":"[Camera Feed Name]",
			"display-name":"[Display Name]",
			"rtsp-uri":"[RTSP Stream ID (rtsp://ip/uid)]",
			"width":"480",
			"height":"270",
			"x-position":"1440",
			"y-position":"0"
		},
		{
			"feed-name":"[Camera Feed Name]",
			"display-name":"[Display Name]",
			"rtsp-uri":"[RTSP Stream ID (rtsp://ip/uid)]",
			"width":"480",
			"height":"270",
			"x-position":"960",
			"y-position":"270"
		},
		{
			"feed-name":"[Camera Feed Name]",
			"display-name":"[Display Name]",
			"rtsp-uri":"[RTSP Stream ID (rtsp://ip/uid)]",
			"width":"480",
			"height":"270",
			"x-position":"1440",
			"y-position":"270"
		},
		{
			"feed-name":"[Camera Feed Name]",
			"display-name":"[Display Name]",
			"rtsp-uri":"[RTSP Stream ID (rtsp://ip/uid)]",
			"width":"960",
			"height":"540",
			"x-position":"0",
			"y-position":"540"
		},
		{
			"feed-name":"[Camera Feed Name]",
			"display-name":"[Display Name]",
			"rtsp-uri":"[RTSP Stream ID (rtsp://ip/uid)]",
			"width":"480",
			"height":"270",
			"x-position":"960",
			"y-position":"540"
		},
		{
			"feed-name":"[Camera Feed Name]",
			"display-name":"[Display Name]",
			"rtsp-uri":"[RTSP Stream ID (rtsp://ip/uid)]",
			"width":"480",
			"height":"270",
			"x-position":"1440",
			"y-position":"540"
		},
		{
			"feed-name":"[Camera Feed Name]",
			"display-name":"[Display Name]",
			"rtsp-uri":"[RTSP Stream ID (rtsp://ip/uid)]",
			"width":"480",
			"height":"270",
			"x-position":"960",
			"y-position":"810"
		},
		{
			"feed-name":"[Camera Feed Name]",
			"display-name":"[Display Name]",
			"rtsp-uri":"[RTSP Stream ID (rtsp://ip/uid)]",
			"width":"480",
			"height":"270",
			"x-position":"1440",
			"y-position":"810"
		}
	]
}
